describe,p_a,p_z,p_k,p
"""count""",9776.0,9776.0,9776.0,9776.0
"""null_count""",0.0,0.0,0.0,0.0
"""mean""",6968.339474,414.467539,1876.065364,7304.462425
"""std""",7581.496918,520.405078,1315.56626,7994.144607
"""min""",0.0,0.0,0.0,0.0
"""25%""",261.422895,0.256285,216.047435,321.075536
"""50%""",4894.030421,245.45779,2122.481816,5085.982462
"""75%""",10762.063021,671.446613,2962.317587,10817.709694
"""max""",47349.443215,3118.223036,5060.441445,48529.830356
