describe,f_a,f_z,f_k,f
"""count""",9776.0,9776.0,9776.0,9776.0
"""null_count""",0.0,0.0,0.0,0.0
"""mean""",108.203167,40.246409,299.161135,-231.204377
"""std""",1304.093637,38.85141,3.051616,1306.52905
"""min""",-3895.112885,0.0,289.898032,-4236.798241
"""25%""",-636.888744,0.355842,297.584225,-973.533845
"""50%""",146.215303,34.574766,299.567662,-154.408851
"""75%""",831.09496,67.626311,300.537012,478.256518
"""max""",3977.415058,188.240394,307.981613,3648.567624
