describe,p_a,p_z,p_k,p
"""count""",9776.0,9776.0,9776.0,9776.0
"""null_count""",0.0,0.0,0.0,0.0
"""mean""",516.75318,414.467539,1876.065364,2807.286083
"""std""",10284.685553,520.405078,1315.56626,10458.743532
"""min""",-47349.443215,0.0,0.0,-41737.887992
"""25%""",-4092.952681,0.256285,216.047435,-1485.0432
"""50%""",58.491354,245.45779,2122.481816,252.956319
"""75%""",5408.477454,671.446613,2962.317587,8141.98921
"""max""",44103.738373,3118.223036,5060.441445,48529.830356
