describe,p_a,p_z,p_k,p
"""count""",9776.0,9776.0,9776.0,9776.0
"""null_count""",0.0,0.0,0.0,0.0
"""mean""",-6451.586294,0.0,0.0,-4497.176342
"""std""",12574.648658,0.0,0.0,10209.126977
"""min""",-94698.88643,0.0,0.0,-83475.775983
"""25%""",-8185.905362,0.0,0.0,-2970.0864
"""50%""",0.0,0.0,0.0,0.0
"""75%""",0.0,0.0,0.0,0.0
"""max""",-0.0,0.0,0.0,0.0
